{"100": {"name": "Chocolate", "price": 15, "expiry_date": 2023, "quantity": 100}, "101": {"name": "Biscuits", "price": 30, "expiry_date": 2024, "quantity": 50}, "102": {"name": "Cakes", "price": 50, "expiry_date": 2023, "quantity": 30}, "103": {"name": "Pasta", "price": 100, "expiry_date": 2025, "quantity": 20}, "104": {"name": "maggie", "price": 45, "expiry_date": 2022, "quantity": 10}, "105": {"name": "chilli_sauce", "price": 70, "expiry_date": 2021, "quantity": 30}, "106": {"name": "tomato-sauce", "price": 100, "expiry_date": 2023, "quantity": 30}, "107": {"name": "oil", "price": 200, "expiry_date": 2022, "quantity": 50}, "108": {"name": "Ghee", "price": 700, "expiry_date": 2021, "quantity": 30}, "109": {"name": "Butter", "price": 150, "expiry_date": 2025, "quantity": 80}, "110": {"name": "Cheese", "price": 120, "expiry_date": 2021, "quantity": 30}, "111": {"name": "Mushrooms", "price": 170, "expiry_date": 2023, "quantity": 100}, "112": {"name": "Eggs", "price": 180, "expiry_date": 2024, "quantity": 50}, "113": {"name": "soaps", "price": 50, "expiry_date": 2021, "quantity": 30}, "114": {"name": "sugar", "price": 40, "expiry_date": 2022, "quantity": 40}, "115": {"name": "salt", "price": 20, "expiry_date": 2021, "quantity": 30}, "116": {"name": "wheat_flour", "price": 300, "expiry_date": 2023, "quantity": 45}, "117": {"name": "maida", "price": 50, "expiry_date": 2021, "quantity": 30}, "118": {"name": "Rice_flour", "price": 40, "expiry_date": 2022, "quantity": 20}, "119": {"name": "Rice", "price": 2200, "expiry_date": 2021, "quantity": 30}, "120": {"name": "wheat", "price": 50, "expiry_date": 2022, "quantity": 10}, "121": {"name": "Jowar", "price": 80, "expiry_date": 2024, "quantity": 50}, "122": {"name": "corn", "price": 20, "expiry_date": 2021, "quantity": 10}, "123": {"name": "Bread", "price": 40, "expiry_date": 2022, "quantity": 30}, "124": {"name": "Coffe_powder", "price": 80, "expiry_date": 2024, "quantity": 60}, "125": {"name": "Turmeric_powder", "price": 180, "expiry_date": 2021, "quantity": 30}, "126": {"name": "Vinegar", "price": 45, "expiry_date": 2025, "quantity": 80}, "127": {"name": "Yogurt", "price": 10, "expiry_date": 2021, "quantity": 30}, "128": {"name": "Honey", "price": 75, "expiry_date": 2023, "quantity": 75}, "129": {"name": "pepper", "price": 60, "expiry_date": 2021, "quantity": 30}, "130": {"name": "pluses", "price": 400, "expiry_date": 2021, "quantity": 67}}